p_throws,delta_in,n_p,vs_lhh,vs_rhh,weighted
L,-36,127,-1.726,1.59,0.4
L,-35,127,-1.709,1.55,0.382
L,-34,127,-1.683,1.54,0.384
L,-33,127,-1.661,1.498,0.365
L,-32,127,-1.626,1.451,0.348
L,-31,127,-1.581,1.431,0.352
L,-30,127,-1.547,1.385,0.335
L,-29,127,-1.505,1.336,0.319
L,-28,127,-1.462,1.297,0.31
L,-27,127,-1.413,1.241,0.293
L,-26,127,-1.364,1.178,0.272
L,-25,127,-1.321,1.13,0.257
L,-24,127,-1.263,1.072,0.241
L,-23,127,-1.212,1.013,0.222
L,-22,127,-1.157,0.963,0.211
L,-21,127,-1.088,0.902,0.198
L,-20,127,-1.008,0.846,0.191
L,-19,127,-0.926,0.794,0.188
L,-18,127,-0.852,0.742,0.18
L,-17,127,-0.767,0.69,0.177
L,-16,127,-0.702,0.651,0.173
L,-15,127,-0.615,0.607,0.175
L,-14,127,-0.545,0.571,0.175
L,-13,127,-0.474,0.542,0.182
L,-12,127,-0.409,0.517,0.189
L,-11,127,-0.319,0.49,0.204
L,-10,127,-0.242,0.464,0.213
L,-9,127,-0.149,0.438,0.231
L,-8,127,-0.051,0.412,0.251
L,-7,127,0.019,0.379,0.256
L,-6,127,0.102,0.32,0.25
L,-5,127,0.173,0.236,0.222
L,-4,127,0.127,0.172,0.165
L,-3,127,0.044,0.141,0.112
L,-2,127,-0.03,0.117,0.066
L,-1,127,-0.069,0.066,0.017
L,0,127,0,0,0
L,1,127,0.087,-0.042,0.007
L,2,127,0.107,-0.076,-0.008
L,3,127,0.136,-0.054,0.014
L,4,127,0.172,-0.016,0.05
L,5,127,0.199,0.039,0.096
L,6,127,0.312,0.105,0.182
L,7,127,0.435,0.183,0.274
L,8,127,0.609,0.271,0.393
L,9,127,0.782,0.366,0.518
L,10,127,0.944,0.48,0.648
L,11,127,1.075,0.603,0.77
L,12,127,1.241,0.784,0.945
L,13,127,1.421,1.035,1.167
L,14,127,1.608,1.357,1.439
L,15,127,1.791,1.621,1.673
L,16,127,1.977,1.84,1.879
L,17,127,2.158,2.027,2.063
L,18,127,2.381,2.211,2.259
L,19,127,2.627,2.375,2.453
L,20,127,2.868,2.566,2.662
L,21,127,3.151,2.755,2.884
L,22,127,3.412,2.946,3.101
L,23,127,3.686,3.146,3.33
L,24,127,3.996,3.357,3.576
L,25,127,4.293,3.554,3.807
L,26,127,4.594,3.771,4.052
L,27,127,4.913,3.985,4.301
L,28,127,5.24,4.206,4.562
L,29,127,5.574,4.434,4.828
L,30,127,5.938,4.65,5.1
L,31,127,6.27,4.868,5.359
L,32,127,6.634,5.097,5.637
L,33,127,7.025,5.325,5.925
L,34,127,7.424,5.545,6.211
L,35,127,7.837,5.771,6.502
L,36,127,8.244,5.981,6.785
R,-36,311,3.633,9.908,6.489
R,-35,311,3.398,9.312,6.089
R,-34,311,3.168,8.704,5.687
R,-33,311,2.956,8.118,5.303
R,-32,311,2.734,7.557,4.927
R,-31,311,2.522,7.019,4.567
R,-30,311,2.314,6.502,4.218
R,-29,311,2.112,5.981,3.871
R,-28,311,1.93,5.496,3.551
R,-27,311,1.743,5.038,3.24
R,-26,311,1.573,4.6,2.948
R,-25,311,1.416,4.195,2.678
R,-24,311,1.256,3.797,2.411
R,-23,311,1.109,3.42,2.159
R,-22,311,0.977,3.076,1.931
R,-21,311,0.847,2.754,1.714
R,-20,311,0.724,2.453,1.51
R,-19,311,0.623,2.182,1.331
R,-18,311,0.523,1.924,1.16
R,-17,311,0.427,1.678,0.997
R,-16,311,0.352,1.51,0.88
R,-15,311,0.272,1.314,0.747
R,-14,311,0.208,1.132,0.628
R,-13,311,0.159,1.012,0.548
R,-12,311,0.101,0.88,0.456
R,-11,311,0.059,0.752,0.375
R,-10,311,0.022,0.692,0.327
R,-9,311,-0.01,0.6,0.269
R,-8,311,-0.032,0.521,0.22
R,-7,311,-0.031,0.476,0.2
R,-6,311,-0.032,0.384,0.159
R,-5,311,-0.019,0.287,0.123
R,-4,311,0.01,0.269,0.13
R,-3,311,0.015,0.2,0.101
R,-2,311,0.015,0.143,0.076
R,-1,311,0.012,0.097,0.052
R,0,311,0,0,0
R,1,311,-0.01,-0.082,-0.043
R,2,311,-0.011,-0.108,-0.055
R,3,311,-0.019,-0.177,-0.091
R,4,311,-0.061,-0.26,-0.152
R,5,311,-0.099,-0.302,-0.193
R,6,311,-0.118,-0.349,-0.225
R,7,311,-0.097,-0.394,-0.235
R,8,311,-0.022,-0.4,-0.196
R,9,311,0.045,-0.421,-0.168
R,10,311,0.1,-0.441,-0.148
R,11,311,0.142,-0.422,-0.116
R,12,311,0.177,-0.387,-0.08
R,13,311,0.217,-0.294,-0.016
R,14,311,0.264,-0.155,0.072
R,15,311,0.309,-0.113,0.116
R,16,311,0.362,-0.111,0.146
R,17,311,0.424,-0.126,0.173
R,18,311,0.488,-0.168,0.189
R,19,311,0.558,-0.204,0.211
R,20,311,0.628,-0.231,0.237
R,21,311,0.704,-0.269,0.261
R,22,311,0.784,-0.298,0.291
R,23,311,0.866,-0.317,0.328
R,24,311,0.954,-0.341,0.366
R,25,311,1.044,-0.362,0.405
R,26,311,1.134,-0.378,0.447
R,27,311,1.233,-0.402,0.49
R,28,311,1.333,-0.417,0.538
R,29,311,1.428,-0.427,0.585
R,30,311,1.538,-0.436,0.64
R,31,311,1.641,-0.439,0.694
R,32,311,1.74,-0.438,0.748
R,33,311,1.852,-0.43,0.812
R,34,311,1.963,-0.421,0.877
R,35,311,2.058,-0.412,0.932
R,36,311,2.171,-0.395,1.003
