pt,p_throws,delta_3b_in,d_stuff,n
SI,R,36,1.2463349735306,25818
FC,R,36,11.7450446508566,13054
SL,R,36,15.6015564778377,20362
CU,R,36,17.6316027417719,11619
FF,R,36,3.17961214368331,52611
CH,R,36,1.87015109717822,16724
FS,R,36,3.72584562588133,6921
ST,R,36,8.2111117700761,12577
CU,L,36,-0.658338732035118,4418
SI,L,36,1.39182202329395,11579
ST,L,36,-2.56572252556008,4904
FF,L,36,0.413137720088829,21223
CH,L,36,5.03652810532795,9928
SL,L,36,-2.16024340425829,8724
FC,L,36,-0.883620840294132,4405
FS,L,36,4.4903528142316,781
SI,R,35,1.08732040667048,25818
FC,R,35,11.114176609388,13054
SL,R,35,14.8846885751818,20362
CU,R,35,17.0241615545941,11619
FF,R,35,2.78646874733623,52611
CH,R,35,1.62363188898079,16724
FS,R,35,3.37173849108174,6921
ST,R,35,7.9879393056761,12577
CU,L,35,-0.653307912202243,4418
SI,L,35,1.33750140056378,11579
ST,L,35,-2.47595416522505,4904
FF,L,35,0.407727224353524,21223
CH,L,35,4.87505951685526,9928
SL,L,35,-2.1508546567046,8724
FC,L,35,-0.873380569583745,4405
FS,L,35,4.40229036474686,781
SI,R,34,0.950614784010446,25818
FC,R,34,10.4190753336343,13054
SL,R,34,14.1081628378026,20362
CU,R,34,16.4064741531809,11619
FF,R,34,2.43193538579149,52611
CH,R,34,1.39826434024099,16724
FS,R,34,3.04749962149689,6921
ST,R,34,7.75278623303013,12577
CU,L,34,-0.642431747651032,4418
SI,L,34,1.2934967400626,11579
ST,L,34,-2.371876471497,4904
FF,L,34,0.40914002509446,21223
CH,L,34,4.80429933514216,9928
SL,L,34,-2.13119764269195,8724
FC,L,34,-0.86641632315461,4405
FS,L,34,4.31440906026516,781
SI,R,33,0.823522062444948,25818
FC,R,33,9.70808526355047,13054
SL,R,33,13.3503217009842,20362
CU,R,33,15.7519935372632,11619
FF,R,33,2.11086605616151,52611
CH,R,33,1.1965138578768,16724
FS,R,33,2.73866059980662,6921
ST,R,33,7.49079377029673,12577
CU,L,33,-0.622279366770576,4418
SI,L,33,1.22530338302865,11579
ST,L,33,-2.26543415025249,4904
FF,L,33,0.398787183072778,21223
CH,L,33,4.66337253037341,9928
SL,L,33,-2.11194176793984,8724
FC,L,33,-0.859750569301114,4405
FS,L,33,4.21597694388068,781
SI,R,32,0.718664697391419,25818
FC,R,32,9.0569108624009,13054
SL,R,32,12.5528289309973,20362
CU,R,32,15.0196865467709,11619
FF,R,32,1.81985858293877,52611
CH,R,32,1.00850009371836,16724
FS,R,32,2.43880556938252,6921
ST,R,32,7.21879922478023,12577
CU,L,32,-0.596721351664578,4418
SI,L,32,1.17012762567607,11579
ST,L,32,-2.14777161271206,4904
FF,L,32,0.38857377121248,21223
CH,L,32,4.5298114272779,9928
SL,L,32,-2.08243475043593,8724
FC,L,32,-0.850019880976766,4405
FS,L,32,4.1464190742737,781
SI,R,31,0.620046154966019,25818
FC,R,31,8.38707787835453,13054
SL,R,31,11.7517333375587,20362
CU,R,31,14.3178095648455,11619
FF,R,31,1.56491170289752,52611
CH,R,31,0.832798171107348,16724
FS,R,31,2.16008181051356,6921
ST,R,31,6.91424818632362,12577
CU,L,31,-0.564262501873478,4418
SI,L,31,1.13706877599611,11579
ST,L,31,-2.01319476985541,4904
FF,L,31,0.390954074244875,21223
CH,L,31,4.44040706589436,9928
SL,L,31,-2.05041774726883,8724
FC,L,31,-0.839465841955764,4405
FS,L,31,4.07639214095373,781
SI,R,30,0.527811387370223,25818
FC,R,30,7.71022300096628,13054
SL,R,30,10.9791201948614,20362
CU,R,30,13.5898127805189,11619
FF,R,30,1.33586662755267,52611
CH,R,30,0.668534753837709,16724
FS,R,30,1.89490823064945,6921
ST,R,30,6.60425902718633,12577
CU,L,30,-0.520056760529964,4418
SI,L,30,1.08250982041834,11579
ST,L,30,-1.86968489472694,4904
FF,L,30,0.37972023118212,21223
CH,L,30,4.26880437602437,9928
SL,L,30,-2.01174608438095,8724
FC,L,30,-0.827841133647673,4405
FS,L,30,3.96872664870516,781
SI,R,29,0.448462060075698,25818
FC,R,29,7.03913062574284,13054
SL,R,29,10.1519016402999,20362
CU,R,29,12.8287698148998,11619
FF,R,29,1.12772831691871,52611
CH,R,29,0.522078255602918,16724
FS,R,29,1.65478636031416,6921
ST,R,29,6.27417770416616,12577
CU,L,29,-0.494636405243927,4418
SI,L,29,1.03276726414923,11579
ST,L,29,-1.71873961335496,4904
FF,L,29,0.361823897324948,21223
CH,L,29,4.08653751373179,9928
SL,L,29,-1.97324212423697,8724
FC,L,29,-0.818156895780894,4405
FS,L,29,3.92524926748412,781
SI,R,28,0.376077110355445,25818
FC,R,28,6.41514584507987,13054
SL,R,28,9.40018755753971,20362
CU,R,28,12.0624582751162,11619
FF,R,28,0.946688513790369,52611
CH,R,28,0.387823887009486,16724
FS,R,28,1.44715773421532,6921
ST,R,28,5.96006407213154,12577
CU,L,28,-0.46603192363573,4418
SI,L,28,0.994605804548383,11579
ST,L,28,-1.58016423792035,4904
FF,L,28,0.350677861238249,21223
CH,L,28,3.94220368145117,9928
SL,L,28,-1.93758298482655,8724
FC,L,28,-0.805198994758591,4405
FS,L,28,3.94909043750275,781
SI,R,27,0.305351382462717,25818
FC,R,27,5.82988481034179,13054
SL,R,27,8.64966600984876,20362
CU,R,27,11.3045873792091,11619
FF,R,27,0.785022066490436,52611
CH,R,27,0.266351020529606,16724
FS,R,27,1.24728176701049,6921
ST,R,27,5.60577789080386,12577
CU,L,27,-0.430607840855781,4418
SI,L,27,0.938754188235582,11579
ST,L,27,-1.43525179729989,4904
FF,L,27,0.330771264250409,21223
CH,L,27,3.7559022039096,9928
SL,L,27,-1.89319713139975,8724
FC,L,27,-0.786593162553717,4405
FS,L,27,3.87500310076593,781
SI,R,26,0.245894440686328,25818
FC,R,26,5.24818040185729,13054
SL,R,26,7.93339370911895,20362
CU,R,26,10.5625813042472,11619
FF,R,26,0.648126748504718,52611
CH,R,26,0.15772275199055,16724
FS,R,26,1.0628849531464,6921
ST,R,26,5.22596718284025,12577
CU,L,26,-0.382194083153728,4418
SI,L,26,0.877692137220268,11579
ST,L,26,-1.281831289181,4904
FF,L,26,0.304541624100852,21223
CH,L,26,3.55999916323521,9928
SL,L,26,-1.84655758752801,8724
FC,L,26,-0.768664873115513,4405
FS,L,26,3.71378208804899,781
SI,R,25,0.196162185206329,25818
FC,R,25,4.73304592808802,13054
SL,R,25,7.25303649145543,20362
CU,R,25,9.84050355568643,11619
FF,R,25,0.532809785522674,52611
CH,R,25,0.061568422718611,16724
FS,R,25,0.905698733197059,6921
ST,R,25,4.93158950546298,12577
CU,L,25,-0.335310913422355,4418
SI,L,25,0.826781244057643,11579
ST,L,25,-1.17715182440113,4904
FF,L,25,0.282244491661994,21223
CH,L,25,3.39571660135624,9928
SL,L,25,-1.79545085278377,8724
FC,L,25,-0.750543966483077,4405
FS,L,25,3.60193309756688,781
SI,R,24,0.142955172146324,25818
FC,R,24,4.20106182931511,13054
SL,R,24,6.59039306015167,20362
CU,R,24,9.05459268844397,11619
FF,R,24,0.431941964961735,52611
CH,R,24,-0.0240824796837329,16724
FS,R,24,0.77073673387028,6921
ST,R,24,4.59030787812736,12577
CU,L,24,-0.279755458934263,4418
SI,L,24,0.757180035781777,11579
ST,L,24,-1.02884995809659,4904
FF,L,24,0.257344659534411,21223
CH,L,24,3.21548494358,9928
SL,L,24,-1.73583280771268,8724
FC,L,24,-0.727413841190473,4405
FS,L,24,3.41649614146967,781
SI,R,23,0.101106837398891,25818
FC,R,23,3.70813125474003,13054
SL,R,23,5.94712656330395,20362
CU,R,23,8.28560308757502,11619
FF,R,23,0.343669507898106,52611
CH,R,23,-0.0981545657054329,16724
FS,R,23,0.624008545965182,6921
ST,R,23,4.27330151120426,12577
CU,L,23,-0.22605133545733,4418
SI,L,23,0.689087767251969,11579
ST,L,23,-0.897231313303323,4904
FF,L,23,0.22973454562481,21223
CH,L,23,3.03876843559076,9928
SL,L,23,-1.66887740594527,8724
FC,L,23,-0.704219663678434,4405
FS,L,23,3.27042198834351,781
SI,R,22,0.0624305698714421,25818
FC,R,22,3.28218243195328,13054
SL,R,22,5.37591350961467,20362
CU,R,22,7.52820910802948,11619
FF,R,22,0.274695651361484,52611
CH,R,22,-0.160952742654391,16724
FS,R,22,0.509124125414493,6921
ST,R,22,3.9208675174388,12577
CU,L,22,-0.152269104323541,4418
SI,L,22,0.627786759959647,11579
ST,L,22,-0.770596807726518,4904
FF,L,22,0.208456115140522,21223
CH,L,22,2.9029336211884,9928
SL,L,22,-1.60511683080381,8724
FC,L,22,-0.673611152462395,4405
FS,L,22,3.18100064686282,781
SI,R,21,0.0299624738320253,25818
FC,R,21,2.85376551526139,13054
SL,R,21,4.80329048332048,20362
CU,R,21,6.8594201627782,11619
FF,R,21,0.21390977598443,52611
CH,R,21,-0.215551254462906,16724
FS,R,21,0.399342563014002,6921
ST,R,21,3.59657891844085,12577
CU,L,21,-0.0881430881483326,4418
SI,L,21,0.563793729691781,11579
ST,L,21,-0.600066944100796,4904
FF,L,21,0.185719363717528,21223
CH,L,21,2.74874808044589,9928
SL,L,21,-1.53281300434298,8724
FC,L,21,-0.651486404744734,4405
FS,L,21,3.04401695187374,781
SI,R,20,-0.00202366951662746,25818
FC,R,20,2.48524584408108,13054
SL,R,20,4.28953401110753,20362
CU,R,20,6.22307967300788,11619
FF,R,20,0.163036904276857,52611
CH,R,20,-0.261874004736489,16724
FS,R,20,0.296094242408995,6921
ST,R,20,3.26964234082191,12577
CU,L,20,-0.0207284151913597,4418
SI,L,20,0.511736256050356,11579
ST,L,20,-0.411852770382404,4904
FF,L,20,0.163402531876933,21223
CH,L,20,2.59763348280487,9928
SL,L,20,-1.46625315431722,8724
FC,L,20,-0.623143293662137,4405
FS,L,20,2.83568757612606,781
SI,R,19,-0.0256395777765648,25818
FC,R,19,2.1299161025591,13054
SL,R,19,3.82265491584757,20362
CU,R,19,5.62597862344718,11619
FF,R,19,0.123378918578954,52611
CH,R,19,-0.296925553758225,16724
FS,R,19,0.203414066310874,6921
ST,R,19,2.99909725586568,12577
CU,L,19,0.0607300620519418,4418
SI,L,19,0.4654972982904,11579
ST,L,19,-0.246155362112569,4904
FF,L,19,0.146033419615407,21223
CH,L,19,2.44165346143494,9928
SL,L,19,-1.39776425418821,8724
FC,L,19,-0.592348527851306,4405
FS,L,19,2.61819177573445,781
SI,R,18,-0.0515257284133166,25818
FC,R,18,1.81295011003418,13054
SL,R,18,3.38574559506933,20362
CU,R,18,5.01024809236593,11619
FF,R,18,0.0898290161317494,52611
CH,R,18,-0.330852927157608,16724
FS,R,18,0.126620342199417,6921
ST,R,18,2.68118562293972,12577
CU,L,18,0.146121827105526,4418
SI,L,18,0.416392447143684,11579
ST,L,18,-0.0651421490506042,4904
FF,L,18,0.127197160615213,21223
CH,L,18,2.26576620244507,9928
SL,L,18,-1.32337681270776,8724
FC,L,18,-0.56805341657321,4405
FS,L,18,2.38414338078654,781
SI,R,17,-0.0710235497865899,25818
FC,R,17,1.5319674689452,13054
SL,R,17,2.96070370791284,20362
CU,R,17,4.44990335671,11619
FF,R,17,0.0601271473508138,52611
CH,R,17,-0.358546270699788,16724
FS,R,17,0.0644206621334485,6921
ST,R,17,2.3922591775821,12577
CU,L,17,0.230116501736502,4418
SI,L,17,0.371955442943886,11579
ST,L,17,0.120114937475676,4904
FF,L,17,0.110408655480458,21223
CH,L,17,2.09619904262249,9928
SL,L,17,-1.237836299459,8724
FC,L,17,-0.542022696121574,4405
FS,L,17,2.18222930247162,781
SI,R,16,-0.0854781728477223,25818
FC,R,16,1.31041893962774,13054
SL,R,16,2.65249492466825,20362
CU,R,16,3.98620545346826,11619
FF,R,16,0.04238818469429,52611
CH,R,16,-0.377961785903371,16724
FS,R,16,0.0258295029418743,6921
ST,R,16,2.15791932841325,12577
CU,L,16,0.313756102356097,4418
SI,L,16,0.334990046853521,11579
ST,L,16,0.228412809680717,4904
FF,L,16,0.0975130026735791,21223
CH,L,16,1.962578739871,9928
SL,L,16,-1.16194392161279,8724
FC,L,16,-0.514758997417078,4405
FS,L,16,1.99572610847069,781
SI,R,15,-0.100130851150431,25818
FC,R,15,1.08973201690684,13054
SL,R,15,2.30234861327275,20362
CU,R,15,3.49029560454418,11619
FF,R,15,0.0252070969840921,52611
CH,R,15,-0.396071012344478,16724
FS,R,15,-0.00989006339907779,6921
ST,R,15,1.88620859783802,12577
CU,L,15,0.382283845509482,4418
SI,L,15,0.299351831212507,11579
ST,L,15,0.387019267953643,4904
FF,L,15,0.0829968275651979,21223
CH,L,15,1.8095160054197,9928
SL,L,15,-1.0630841774622,8724
FC,L,15,-0.481706887306164,4405
FS,L,15,1.80517109983308,781
SI,R,14,-0.108892896467994,25818
FC,R,14,0.905999102052092,13054
SL,R,14,1.98530212625867,20362
CU,R,14,3.05382055577957,11619
FF,R,14,0.0106318002468405,52611
CH,R,14,-0.408108491176784,16724
FS,R,14,-0.0360673023372116,6921
ST,R,14,1.64767788461283,12577
CU,L,14,0.483347063355586,4418
SI,L,14,0.266373839306332,11579
ST,L,14,0.520015413070493,4904
FF,L,14,0.0708251000386606,21223
CH,L,14,1.66799626508153,9928
SL,L,14,-0.978847494012788,8724
FC,L,14,-0.444195136078662,4405
FS,L,14,1.63180076234109,781
SI,R,13,-0.114370892751782,25818
FC,R,13,0.766562480746842,13054
SL,R,13,1.76742242486069,20362
CU,R,13,2.67822120779136,11619
FF,R,13,0.00202262377103943,52611
CH,R,13,-0.411366289797361,16724
FS,R,13,-0.0554494755184968,6921
ST,R,13,1.50554271205014,12577
CU,L,13,0.587569002191111,4418
SI,L,13,0.239354988226357,11579
ST,L,13,0.634329964301773,4904
FF,L,13,0.0616801452399564,21223
CH,L,13,1.53123199855135,9928
SL,L,13,-0.882488172050167,8724
FC,L,13,-0.419669203696539,4405
FS,L,13,1.48077397014626,781
SI,R,12,-0.116794065645457,25818
FC,R,12,0.608167308197082,13054
SL,R,12,1.50296372774375,20362
CU,R,12,2.33234500326418,11619
FF,R,12,-0.00567970336870614,52611
CH,R,12,-0.412121099066491,16724
FS,R,12,-0.0743341053206251,6921
ST,R,12,1.34485744632021,12577
CU,L,12,0.687332715428182,4418
SI,L,12,0.211561178455976,11579
ST,L,12,0.767968885222478,4904
FF,L,12,0.0534253947570719,21223
CH,L,12,1.39057429558738,9928
SL,L,12,-0.784273659554979,8724
FC,L,12,-0.394557971353605,4405
FS,L,12,1.34968707963948,781
SI,R,11,-0.119558015345726,25818
FC,R,11,0.481339101970677,13054
SL,R,11,1.25573154485224,20362
CU,R,11,2.04033190903351,11619
FF,R,11,-0.010740677116114,52611
CH,R,11,-0.404728599919518,16724
FS,R,11,-0.0970989810472846,6921
ST,R,11,1.1239920294859,12577
CU,L,11,0.773760560136168,4418
SI,L,11,0.184345906621981,11579
ST,L,11,0.937111159214649,4904
FF,L,11,0.0465827048204847,21223
CH,L,11,1.25621649974729,9928
SL,L,11,-0.68075680983867,8724
FC,L,11,-0.361119323291955,4405
FS,L,11,1.24841510377313,781
SI,R,10,-0.117468298506744,25818
FC,R,10,0.414391976033765,13054
SL,R,10,1.10577862693408,20362
CU,R,10,1.81328692497443,11619
FF,R,10,-0.0133441941716154,52611
CH,R,10,-0.386945469760953,16724
FS,R,10,-0.102009259348021,6921
ST,R,10,1.00279465990644,12577
CU,L,10,0.861167136998119,4418
SI,L,10,0.16246765440174,11579
ST,L,10,1.11357728978767,4904
FF,L,10,0.0398574907879163,21223
CH,L,10,1.13213587977235,9928
SL,L,10,-0.604180441945038,8724
FC,L,10,-0.328313456157842,4405
FS,L,10,1.08347275009307,781
SI,R,9,-0.114151510708092,25818
FC,R,9,0.335470939326625,13054
SL,R,9,0.943191027870255,20362
CU,R,9,1.53622921005732,11619
FF,R,9,-0.0166694258686149,52611
CH,R,9,-0.373385749255172,16724
FS,R,9,-0.120762136720115,6921
ST,R,9,0.867605176078634,12577
CU,L,9,0.955759241097024,4418
SI,L,9,0.13732968611751,11579
ST,L,9,1.26962168653196,4904
FF,L,9,0.0331806364241903,21223
CH,L,9,1.00812912274398,9928
SL,L,9,-0.474083391063031,8724
FC,L,9,-0.279938145396179,4405
FS,L,9,0.91407322301652,781
SI,R,8,-0.108456658793953,25818
FC,R,8,0.270600827970331,13054
SL,R,8,0.821709695871735,20362
CU,R,8,1.27222017513617,11619
FF,R,8,-0.0179682513154677,52611
CH,R,8,-0.350188524968522,16724
FS,R,8,-0.129308219345491,6921
ST,R,8,0.712630078028095,12577
CU,L,8,1.0579399929519,4418
SI,L,8,0.112189606454942,11579
ST,L,8,1.38367765888308,4904
FF,L,8,0.0268794824154507,21223
CH,L,8,0.901561256047283,9928
SL,L,8,-0.340391497024323,8724
FC,L,8,-0.230365841815239,4405
FS,L,8,0.745686045011171,781
SI,R,7,-0.0989929385745248,25818
FC,R,7,0.252205468597402,13054
SL,R,7,0.759277556474734,20362
CU,R,7,1.12619629272814,11619
FF,R,7,-0.0147408563705039,52611
CH,R,7,-0.320656443342693,16724
FS,R,7,-0.100083005651299,6921
ST,R,7,0.644417906870883,12577
CU,L,7,1.05106948739355,4418
SI,L,7,0.095276818074378,11579
ST,L,7,1.39934157782795,4904
FF,L,7,0.0239402267213211,21223
CH,L,7,0.805077382695012,9928
SL,L,7,-0.231630035274156,8724
FC,L,7,-0.17250477532716,4405
FS,L,7,0.590846172932892,781
SI,R,6,-0.0843388038825136,25818
FC,R,6,0.206660797076615,13054
SL,R,6,0.648983147719521,20362
CU,R,6,0.865123305500681,11619
FF,R,6,-0.0129316792930757,52611
CH,R,6,-0.272468300590519,16724
FS,R,6,-0.0703195341349222,6921
ST,R,6,0.48215179516894,12577
CU,L,6,0.857382451734317,4418
SI,L,6,0.0831077003528608,11579
ST,L,6,1.4176151819466,4904
FF,L,6,0.0247958187661828,21223
CH,L,6,0.688500369892082,9928
SL,L,6,-0.137091837553778,8724
FC,L,6,-0.103154817090549,4405
FS,L,6,0.481000903317986,781
SI,R,5,-0.0668658014113897,25818
FC,R,5,0.151019939819561,13054
SL,R,5,0.547483026876887,20362
CU,R,5,0.657518624479798,11619
FF,R,5,-0.0112810283758693,52611
CH,R,5,-0.215895313865159,16724
FS,R,5,-0.0442763221060316,6921
ST,R,5,0.324561654416579,12577
CU,L,5,0.575987255276649,4418
SI,L,5,0.0708698207914006,11579
ST,L,5,1.34227636331073,4904
FF,L,5,0.0237688176706887,21223
CH,L,5,0.558022324201447,9928
SL,L,5,-0.0895022587481065,8724
FC,L,5,-0.0495430364525977,4405
FS,L,5,0.404385141092616,781
SI,R,4,-0.0519922544015596,25818
FC,R,4,0.14012137196351,13054
SL,R,4,0.49365774010641,20362
CU,R,4,0.602486519063124,11619
FF,R,4,-0.00784640458205229,52611
CH,R,4,-0.160457095726402,16724
FS,R,4,0.000944401609202707,6921
ST,R,4,0.38330601034713,12577
CU,L,4,0.342931111893971,4418
SI,L,4,0.0573489688510634,11579
ST,L,4,1.10058329666292,4904
FF,L,4,0.0183946866390997,21223
CH,L,4,0.454455973511408,9928
SL,L,4,-0.113113718660175,8724
FC,L,4,-0.063809506049067,4405
FS,L,4,0.34609801106452,781
SI,R,3,-0.0365758997874564,25818
FC,R,3,0.094299317168426,13054
SL,R,3,0.385721259330143,20362
CU,R,3,0.470675501727371,11619
FF,R,3,-0.00605617615468304,52611
CH,R,3,-0.115368312068971,16724
FS,R,3,0.0100743686010953,6921
ST,R,3,0.300358165931671,12577
CU,L,3,0.236159075530529,4418
SI,L,3,0.0418871507937645,11579
ST,L,3,0.751734591841107,4904
FF,L,3,0.0115148210251552,21223
CH,L,3,0.376439356204696,9928
SL,L,3,-0.096911578136773,8724
FC,L,3,-0.0707053365363071,4405
FS,L,3,0.161749860822744,781
SI,R,2,-0.0228642481882003,25818
FC,R,2,0.0482527095859096,13054
SL,R,2,0.266259348147523,20362
CU,R,2,0.305390846514021,11619
FF,R,2,-0.00268320226210002,52611
CH,R,2,-0.0704481377400797,16724
FS,R,2,0.00538500430452402,6921
ST,R,2,0.258182662099626,12577
CU,L,2,0.219013302105125,4418
SI,L,2,0.030368428063184,11579
ST,L,2,0.386478291026359,4904
FF,L,2,0.00626002096013347,21223
CH,L,2,0.272195724442,9928
SL,L,2,-0.0888471077932233,8724
FC,L,2,-0.0613861260286544,4405
FS,L,2,0.0790794673359264,781
SI,R,1,-0.0119987755026803,25818
FC,R,1,0.0383024404727363,13054
SL,R,1,0.163597367334224,20362
CU,R,1,0.184697616103497,11619
FF,R,1,-5.7672771883142e-05,52611
CH,R,1,-0.0346182542975635,16724
FS,R,1,0.00355751978946295,6921
ST,R,1,0.196306166761682,12577
CU,L,1,0.1231818139492,4418
SI,L,1,0.0172641017879053,11579
ST,L,1,0.0457804740402856,4904
FF,L,1,0.00520673046599379,21223
CH,L,1,0.147759285802123,9928
SL,L,1,-0.0767423718873414,8724
FC,L,1,-0.0466418852125321,4405
FS,L,1,0.0457894009594822,781
SI,R,0,0,25818
FC,R,0,0,13054
SL,R,0,0,20362
CU,R,0,0,11619
FF,R,0,0,52611
CH,R,0,0,16724
FS,R,0,0,6921
ST,R,0,0,12577
CU,L,0,0,4418
SI,L,0,0,11579
ST,L,0,0,4904
FF,L,0,0,21223
CH,L,0,0,9928
SL,L,0,0,8724
FC,L,0,0,4405
FS,L,0,0,781
SI,R,-1,0.01605765829399,25818
FC,R,-1,-0.0390726223689303,13054
SL,R,-1,-0.152641165069113,20362
CU,R,-1,-0.142252358200665,11619
FF,R,-1,0.00119408775619888,52611
CH,R,-1,0.0457252009099078,16724
FS,R,-1,0.0129129931401453,6921
ST,R,-1,-0.217355871604922,12577
CU,L,-1,0.0118343093054024,4418
SI,L,-1,-0.0140808311454003,11579
ST,L,-1,0.041545090829424,4904
FF,L,-1,-0.000356760196932098,21223
CH,L,-1,-0.169432127719433,9928
SL,L,-1,0.10671791386855,8724
FC,L,-1,0.0843962484267029,4405
FS,L,-1,0.0252585729616673,781
SI,R,-2,0.0286016778610727,25818
FC,R,-2,-0.0593373129314362,13054
SL,R,-2,-0.228418863922247,20362
CU,R,-2,-0.124047078458394,11619
FF,R,-2,0.00104307057816049,52611
CH,R,-2,0.065665242548577,16724
FS,R,-2,0.0192014146689822,6921
ST,R,-2,-0.294860898946912,12577
CU,L,-2,0.0511504085734518,4418
SI,L,-2,-0.0245001794825808,11579
ST,L,-2,-0.125914246666615,4904
FF,L,-2,0.00262428381308543,21223
CH,L,-2,-0.318893761182552,9928
SL,L,-2,0.146039491661203,8724
FC,L,-2,0.167080609090036,4405
FS,L,-2,-0.00699890251035292,781
SI,R,-3,0.0447940032609608,25818
FC,R,-3,-0.103540885282262,13054
SL,R,-3,-0.350136746800024,20362
CU,R,-3,-0.169571424613726,11619
FF,R,-3,-0.00299202524053245,52611
CH,R,-3,0.0916568164579164,16724
FS,R,-3,-0.00171079146831955,6921
ST,R,-3,-0.483651364412055,12577
CU,L,-3,0.161036514172315,4418
SI,L,-3,-0.0330281912371407,11579
ST,L,-3,-0.113888399828934,4904
FF,L,-3,0.00916936174470827,21223
CH,L,-3,-0.399995573258582,9928
SL,L,-3,0.294102843476073,8724
FC,L,-3,0.262599547805821,4405
FS,L,-3,-0.084396850109781,781
SI,R,-4,0.057100985242003,25818
FC,R,-4,-0.162927330776964,13054
SL,R,-4,-0.496451690067216,20362
CU,R,-4,-0.337279612309232,11619
FF,R,-4,-0.0141952077036161,52611
CH,R,-4,0.084304052445417,16724
FS,R,-4,-0.0489648387676142,6921
ST,R,-4,-0.718240556724113,12577
CU,L,-4,0.240230044154037,4418
SI,L,-4,-0.0411775998110578,11579
ST,L,-4,-0.0817948365280653,4904
FF,L,-4,0.0179914598025384,21223
CH,L,-4,-0.397115509727822,9928
SL,L,-4,0.470856713031589,8724
FC,L,-4,0.380364889966911,4405
FS,L,-4,-0.0774890386585925,781
SI,R,-5,0.0683475205298737,25818
FC,R,-5,-0.20617264038845,13054
SL,R,-5,-0.616241839996547,20362
CU,R,-5,-0.485968723296914,11619
FF,R,-5,-0.024335420412857,52611
CH,R,-5,0.0817603231215112,16724
FS,R,-5,-0.100982164809463,6921
ST,R,-5,-0.822992378242051,12577
CU,L,-5,0.297302537772374,4418
SI,L,-5,-0.0376923707022168,11579
ST,L,-5,-0.0796321863897971,4904
FF,L,-5,0.0340602773025917,21223
CH,L,-5,-0.341431511076331,9928
SL,L,-5,0.636047002783536,8724
FC,L,-5,0.459483165197517,4405
FS,L,-5,-0.0350708760485491,781
SI,R,-6,0.0874290877467094,25818
FC,R,-6,-0.249252760154353,13054
SL,R,-6,-0.742127848920076,20362
CU,R,-6,-0.613698442417696,11619
FF,R,-6,-0.0296722026704803,52611
CH,R,-6,0.113013192963343,16724
FS,R,-6,-0.096679944308659,6921
ST,R,-6,-0.929667046809767,12577
CU,L,-6,0.408991705236741,4418
SI,L,-6,-0.0285811419105245,11579
ST,L,-6,0.133328197288851,4904
FF,L,-6,0.0585703570372563,21223
CH,L,-6,-0.265019915916816,9928
SL,L,-6,0.854520257007533,8724
FC,L,-6,0.586001952341839,4405
FS,L,-6,0.0980808714895767,781
SI,R,-7,0.113068699665185,25818
FC,R,-7,-0.283111985279925,13054
SL,R,-7,-0.845673365613953,20362
CU,R,-7,-0.629468096159129,11619
FF,R,-7,-0.0278055227024838,52611
CH,R,-7,0.198464394840632,16724
FS,R,-7,-0.0257680572834801,6921
ST,R,-7,-1.02462275537508,12577
CU,L,-7,0.65221448888766,4418
SI,L,-7,-0.0131419592750786,11579
ST,L,-7,0.345205456796645,4904
FF,L,-7,0.0890043095980614,21223
CH,L,-7,-0.201607463131275,9928
SL,L,-7,1.07251595143329,8724
FC,L,-7,0.743152802991061,4405
FS,L,-7,0.266062851594329,781
SI,R,-8,0.146208287098418,25818
FC,R,-8,-0.283771723267516,13054
SL,R,-8,-0.847459313803532,20362
CU,R,-8,-0.420785075171591,11619
FF,R,-8,-0.0186923754981159,52611
CH,R,-8,0.325672382263182,16724
FS,R,-8,0.0948910841960222,6921
ST,R,-8,-1.00105342136885,12577
CU,L,-8,0.927032749418529,4418
SI,L,-8,0.00779495690809072,11579
ST,L,-8,0.63072282994383,4904
FF,L,-8,0.125102037892446,21223
CH,L,-8,-0.137931478957392,9928
SL,L,-8,1.34235408370414,8724
FC,L,-8,0.905438216849385,4405
FS,L,-8,0.539202083959995,781
SI,R,-9,0.185895116411711,25818
FC,R,-9,-0.310012553337021,13054
SL,R,-9,-0.898148990641579,20362
CU,R,-9,-0.280599981159665,11619
FF,R,-9,-0.0068383476608143,52611
CH,R,-9,0.461328471103266,16724
FS,R,-9,0.220031525897521,6921
ST,R,-9,-1.00874030821524,12577
CU,L,-9,1.3009202673108,4418
SI,L,-9,0.0273812114953478,11579
ST,L,-9,0.884116167547851,4904
FF,L,-9,0.161246459495253,21223
CH,L,-9,-0.0822975552631585,9928
SL,L,-9,1.66241800158295,8724
FC,L,-9,1.09346362224109,4405
FS,L,-9,0.820128299498476,781
SI,R,-10,0.236263465588807,25818
FC,R,-10,-0.326507831503861,13054
SL,R,-10,-0.958584990475794,20362
CU,R,-10,-0.222505116769782,11619
FF,R,-10,0.0100525634089175,52611
CH,R,-10,0.57939457882413,16724
FS,R,-10,0.323729116164028,6921
ST,R,-10,-1.05166641506142,12577
CU,L,-10,1.61990658209103,4418
SI,L,-10,0.0477953065706932,11579
ST,L,-10,1.15894266612852,4904
FF,L,-10,0.201606227951922,21223
CH,L,-10,-0.0173529905160559,9928
SL,L,-10,2.03732574317656,8724
FC,L,-10,1.30534435992682,4405
FS,L,-10,1.0402688688771,781
SI,R,-11,0.29408527123206,25818
FC,R,-11,-0.330367950201907,13054
SL,R,-11,-0.966295518307436,20362
CU,R,-11,-0.216280360596338,11619
FF,R,-11,0.0387716195732028,52611
CH,R,-11,0.687467008256939,16724
FS,R,-11,0.416853782420442,6921
ST,R,-11,-1.0471213929743,12577
CU,L,-11,1.91732118402146,4418
SI,L,-11,0.0760567524062245,11579
ST,L,-11,1.33526824464212,4904
FF,L,-11,0.24940802701381,21223
CH,L,-11,0.0579517361098641,9928
SL,L,-11,2.37608327026085,8724
FC,L,-11,1.52074487246737,4405
FS,L,-11,1.2496184681495,781
SI,R,-12,0.386025429756414,25818
FC,R,-12,-0.343763467875805,13054
SL,R,-12,-1.00653723904654,20362
CU,R,-12,-0.271695707219436,11619
FF,R,-12,0.0855186141351708,52611
CH,R,-12,0.804499200647955,16724
FS,R,-12,0.527313391592403,6921
ST,R,-12,-1.08253078911559,12577
CU,L,-12,2.35844932718947,4418
SI,L,-12,0.127163428809474,11579
ST,L,-12,1.59591468745756,4904
FF,L,-12,0.327986362446202,21223
CH,L,-12,0.165960089045807,9928
SL,L,-12,2.79626125208004,8724
FC,L,-12,1.79558439611757,4405
FS,L,-12,1.45683945428431,781
SI,R,-13,0.526409824865003,25818
FC,R,-13,-0.32474536212658,13054
SL,R,-13,-1.01974942809189,20362
CU,R,-13,-0.319194717168995,11619
FF,R,-13,0.159525938151649,52611
CH,R,-13,0.942832748530891,16724
FS,R,-13,0.651123690287618,6921
ST,R,-13,-1.08047815420279,12577
CU,L,-13,2.89880773092048,4418
SI,L,-13,0.21117300465868,11579
ST,L,-13,1.94979626925705,4904
FF,L,-13,0.462902482953337,21223
CH,L,-13,0.34075683946523,9928
SL,L,-13,3.22871965579177,8724
FC,L,-13,2.13257215430907,4405
FS,L,-13,1.68038216616651,781
SI,R,-14,0.699931893684099,25818
FC,R,-14,-0.282152289967498,13054
SL,R,-14,-0.98644641103629,20362
CU,R,-14,-0.336575135878081,11619
FF,R,-14,0.244570932396412,52611
CH,R,-14,1.100638570196,16724
FS,R,-14,0.787957438838433,6921
ST,R,-14,-1.00209096350217,12577
CU,L,-14,3.36947222419056,4418
SI,L,-14,0.329823918759661,11579
ST,L,-14,2.22788569350307,4904
FF,L,-14,0.657631128777466,21223
CH,L,-14,0.588261073683851,9928
SL,L,-14,3.76026527134767,8724
FC,L,-14,2.57000259013717,4405
FS,L,-14,2.00770696419664,781
SI,R,-15,0.830543938782002,25818
FC,R,-15,-0.27482342704914,13054
SL,R,-15,-1.03628945522901,20362
CU,R,-15,-0.401998455099732,11619
FF,R,-15,0.302795647078628,52611
CH,R,-15,1.24223008751754,16724
FS,R,-15,0.898421026932626,6921
ST,R,-15,-1.04299834456406,12577
CU,L,-15,3.90652187698258,4418
SI,L,-15,0.421252383223145,11579
ST,L,-15,2.50723022349749,4904
FF,L,-15,0.799853312732486,21223
CH,L,-15,0.775872657364536,9928
SL,L,-15,4.2532076195533,8724
FC,L,-15,2.95461054508403,4405
FS,L,-15,2.35633701699034,781
SI,R,-16,0.929021152606915,25818
FC,R,-16,-0.293642053117816,13054
SL,R,-16,-1.1001650641584,20362
CU,R,-16,-0.484627233117663,11619
FF,R,-16,0.345095998352975,52611
CH,R,-16,1.38767990239831,16724
FS,R,-16,1.00125901180259,6921
ST,R,-16,-1.10518077121768,12577
CU,L,-16,4.48064771373768,4418
SI,L,-16,0.490605564504433,11579
ST,L,-16,2.7354747053887,4904
FF,L,-16,0.907407903712138,21223
CH,L,-16,0.910707514841201,9928
SL,L,-16,4.7129616729516,8724
FC,L,-16,3.27744899985683,4405
FS,L,-16,2.70617906094018,781
SI,R,-17,1.01532303657334,25818
FC,R,-17,-0.31563443085256,13054
SL,R,-17,-1.1659556768328,20362
CU,R,-17,-0.531109010886424,11619
FF,R,-17,0.378773577447548,52611
CH,R,-17,1.5320050432046,16724
FS,R,-17,1.10577241212469,6921
ST,R,-17,-1.14988675043095,12577
CU,L,-17,5.0052345217372,4418
SI,L,-17,0.546207038975207,11579
ST,L,-17,2.92691747841656,4904
FF,L,-17,0.994731588080731,21223
CH,L,-17,1.01659236508841,9928
SL,L,-17,5.19058498692404,8724
FC,L,-17,3.55739909528479,4405
FS,L,-17,3.06127344210924,781
SI,R,-18,1.10353996980516,25818
FC,R,-18,-0.345777953723708,13054
SL,R,-18,-1.25477912640722,20362
CU,R,-18,-0.608332464925599,11619
FF,R,-18,0.414076821510809,52611
CH,R,-18,1.67814385501977,16724
FS,R,-18,1.22143679070905,6921
ST,R,-18,-1.27611890959607,12577
CU,L,-18,5.60308126762148,4418
SI,L,-18,0.592175770295821,11579
ST,L,-18,3.13270576735006,4904
FF,L,-18,1.07819562995125,21223
CH,L,-18,1.10664076719885,9928
SL,L,-18,5.73909522354464,8724
FC,L,-18,3.91314289498716,4405
FS,L,-18,3.37503713024474,781
SI,R,-19,1.19817079150877,25818
FC,R,-19,-0.373460798560741,13054
SL,R,-19,-1.33803936208736,20362
CU,R,-19,-0.670430023464582,11619
FF,R,-19,0.451894162478792,52611
CH,R,-19,1.84033772302166,16724
FS,R,-19,1.33882319993304,6921
ST,R,-19,-1.39745814660752,12577
CU,L,-19,6.20215082420249,4418
SI,L,-19,0.636804556046845,11579
ST,L,-19,3.37034374413143,4904
FF,L,-19,1.16426776856663,21223
CH,L,-19,1.19454109959901,9928
SL,L,-19,6.24019230138415,8724
FC,L,-19,4.23858584042339,4405
FS,L,-19,3.61465945619589,781
SI,R,-20,1.29198492577817,25818
FC,R,-20,-0.400242068913995,13054
SL,R,-20,-1.40460466003944,20362
CU,R,-20,-0.724443653484302,11619
FF,R,-20,0.491619728699443,52611
CH,R,-20,2.00103845938528,16724
FS,R,-20,1.46881760752096,6921
ST,R,-20,-1.48438221149047,12577
CU,L,-20,6.84835914974827,4418
SI,L,-20,0.694524548245473,11579
ST,L,-20,3.48187173987819,4904
FF,L,-20,1.25708953736708,21223
CH,L,-20,1.29745447630374,9928
SL,L,-20,6.77404753424105,8724
FC,L,-20,4.56580545231272,4405
FS,L,-20,3.83405385915559,781
SI,R,-21,1.39004025506933,25818
FC,R,-21,-0.430442581586485,13054
SL,R,-21,-1.47954872926725,20362
CU,R,-21,-0.794899254588236,11619
FF,R,-21,0.535518172627475,52611
CH,R,-21,2.174555941732,16724
FS,R,-21,1.58923715709488,6921
ST,R,-21,-1.62412868634096,12577
CU,L,-21,7.52027003839073,4418
SI,L,-21,0.752941572445754,11579
ST,L,-21,3.66459664995523,4904
FF,L,-21,1.36301655980856,21223
CH,L,-21,1.39785435875804,9928
SL,L,-21,7.36270814352104,8724
FC,L,-21,4.93200977252287,4405
FS,L,-21,4.04564409412715,781
SI,R,-22,1.49574552042245,25818
FC,R,-22,-0.45688128097022,13054
SL,R,-22,-1.54867824358643,20362
CU,R,-22,-0.86839832783715,11619
FF,R,-22,0.581927049381814,52611
CH,R,-22,2.34699250603961,16724
FS,R,-22,1.73784227711254,6921
ST,R,-22,-1.74603536113175,12577
CU,L,-22,8.2487387784146,4418
SI,L,-22,0.81734138249388,11579
ST,L,-22,3.8545063779882,4904
FF,L,-22,1.47589010269615,21223
CH,L,-22,1.51927197379449,9928
SL,L,-22,7.89239682642374,8724
FC,L,-22,5.24549276245893,4405
FS,L,-22,4.31830679543908,781
SI,R,-23,1.60041641735767,25818
FC,R,-23,-0.471086944552381,13054
SL,R,-23,-1.60187005188604,20362
CU,R,-23,-0.93402373116686,11619
FF,R,-23,0.631543266023947,52611
CH,R,-23,2.52274169220759,16724
FS,R,-23,1.87747310043764,6921
ST,R,-23,-1.85477843051645,12577
CU,L,-23,8.99919446263196,4418
SI,L,-23,0.887603643398504,11579
ST,L,-23,4.02090902078734,4904
FF,L,-23,1.59957811163261,21223
CH,L,-23,1.65202376548022,9928
SL,L,-23,8.45886715385128,8724
FC,L,-23,5.54099699332096,4405
FS,L,-23,4.56768021033922,781
SI,R,-24,1.71873402818285,25818
FC,R,-24,-0.48863816861314,13054
SL,R,-24,-1.66465821159904,20362
CU,R,-24,-1.00559889685922,11619
FF,R,-24,0.683345446694589,52611
CH,R,-24,2.70898042143295,16724
FS,R,-24,2.01614116667079,6921
ST,R,-24,-1.96982506094356,12577
CU,L,-24,9.69953626301364,4418
SI,L,-24,0.963224828689789,11579
ST,L,-24,4.18101442889341,4904
FF,L,-24,1.74843756603937,21223
CH,L,-24,1.78160558411422,9928
SL,L,-24,9.04804504629219,8724
FC,L,-24,5.86816020891049,4405
FS,L,-24,4.86322790273716,781
SI,R,-25,1.83985476826908,25818
FC,R,-25,-0.503531887655064,13054
SL,R,-25,-1.72042424306881,20362
CU,R,-25,-1.07042750801914,11619
FF,R,-25,0.738125007979468,52611
CH,R,-25,2.89437846359407,16724
FS,R,-25,2.16190793162854,6921
ST,R,-25,-2.08970141826462,12577
CU,L,-25,10.3935305175506,4418
SI,L,-25,1.04449592493981,11579
ST,L,-25,4.31044017362,4904
FF,L,-25,1.91056855730557,21223
CH,L,-25,1.92803453808468,9928
SL,L,-25,9.545264943265,8724
FC,L,-25,6.17401432796373,4405
FS,L,-25,5.11045772565254,781
SI,R,-26,1.9676901640187,25818
FC,R,-26,-0.513592192913648,13054
SL,R,-26,-1.76773737879938,20362
CU,R,-26,-1.12882438547969,11619
FF,R,-26,0.787956085948751,52611
CH,R,-26,3.08214255915654,16724
FS,R,-26,2.29626826048635,6921
ST,R,-26,-2.2037522882118,12577
CU,L,-26,11.169767249568,4418
SI,L,-26,1.13247757480743,11579
ST,L,-26,4.39415841818417,4904
FF,L,-26,2.08708731702022,21223
CH,L,-26,2.07652949195473,9928
SL,L,-26,10.084521235546,8724
FC,L,-26,6.45137552864783,4405
FS,L,-26,5.37361231136171,781
SI,R,-27,2.10446568505628,25818
FC,R,-27,-0.525559292097866,13054
SL,R,-27,-1.82495121681485,20362
CU,R,-27,-1.18893063006137,11619
FF,R,-27,0.845169163027208,52611
CH,R,-27,3.28973162884029,16724
FS,R,-27,2.45442590088019,6921
ST,R,-27,-2.34067157286506,12577
CU,L,-27,11.9419010235018,4418
SI,L,-27,1.23001934985395,11579
ST,L,-27,4.46058501614771,4904
FF,L,-27,2.27560642557084,21223
CH,L,-27,2.2380813502642,9928
SL,L,-27,10.647768057889,8724
FC,L,-27,6.76096678743134,4405
FS,L,-27,5.59655489789079,781
SI,R,-28,2.24510848346703,25818
FC,R,-28,-0.531803453729291,13054
SL,R,-28,-1.8670115735616,20362
CU,R,-28,-1.23238808576475,11619
FF,R,-28,0.903786159478427,52611
CH,R,-28,3.48840690127281,16724
FS,R,-28,2.61972645096655,6921
ST,R,-28,-2.47250117723497,12577
CU,L,-28,12.734013120633,4418
SI,L,-28,1.35393178499881,11579
ST,L,-28,4.53645889721589,4904
FF,L,-28,2.48356041367449,21223
CH,L,-28,2.40055537574462,9928
SL,L,-28,11.176372232993,8724
FC,L,-28,7.0932340099397,4405
FS,L,-28,5.83061268427132,781
SI,R,-29,2.37390181044363,25818
FC,R,-29,-0.535463764836762,13054
SL,R,-29,-1.90504385636397,20362
CU,R,-29,-1.27592894572843,11619
FF,R,-29,0.952677422352699,52611
CH,R,-29,3.69375938286185,16724
FS,R,-29,2.7814238681607,6921
ST,R,-29,-2.58961877499359,12577
CU,L,-29,13.4920135213925,4418
SI,L,-29,1.47848985556045,11579
ST,L,-29,4.62765049991275,4904
FF,L,-29,2.70218293450703,21223
CH,L,-29,2.57669599276222,9928
SL,L,-29,11.696363544432,8724
FC,L,-29,7.39445611911769,4405
FS,L,-29,6.05878567425924,781
SI,R,-30,2.52334470277572,25818
FC,R,-30,-0.538192081202306,13054
SL,R,-30,-1.93567251778302,20362
CU,R,-30,-1.31433012425472,11619
FF,R,-30,1.01095264701364,52611
CH,R,-30,3.91776544001419,16724
FS,R,-30,2.96057792072217,6921
ST,R,-30,-2.71382911404356,12577
CU,L,-30,14.1523992830575,4418
SI,L,-30,1.62733340535902,11579
ST,L,-30,4.69793314307248,4904
FF,L,-30,2.93772421226699,21223
CH,L,-30,2.76425241126778,9928
SL,L,-30,12.2053834947693,8724
FC,L,-30,7.67118031489908,4405
FS,L,-30,6.30869512041246,781
SI,R,-31,2.6613503070638,25818
FC,R,-31,-0.539280134157281,13054
SL,R,-31,-1.96414898771544,20362
CU,R,-31,-1.3488874169216,11619
FF,R,-31,1.0672954385898,52611
CH,R,-31,4.15744884838461,16724
FS,R,-31,3.14069787886867,6921
ST,R,-31,-2.83008441976528,12577
CU,L,-31,14.7530025600629,4418
SI,L,-31,1.78128014751407,11579
ST,L,-31,4.74922916302161,4904
FF,L,-31,3.17711452478298,21223
CH,L,-31,2.96803210342551,9928
SL,L,-31,12.6669291167158,8724
FC,L,-31,7.91713421561192,4405
FS,L,-31,6.58427452245757,781
SI,R,-32,2.79318376890503,25818
FC,R,-32,-0.535803890044779,13054
SL,R,-32,-1.98552809236548,20362
CU,R,-32,-1.38156129998811,11619
FF,R,-32,1.11564668510839,52611
CH,R,-32,4.38947011192443,16724
FS,R,-32,3.29917111649042,6921
ST,R,-32,-2.9331560495222,12577
CU,L,-32,15.5231355704496,4418
SI,L,-32,1.95268021814501,11579
ST,L,-32,4.80633643579255,4904
FF,L,-32,3.44493877991865,21223
CH,L,-32,3.18995227410735,9928
SL,L,-32,13.1202309113786,8724
FC,L,-32,8.13766183992433,4405
FS,L,-32,6.91314578195224,781
SI,R,-33,2.94308608508872,25818
FC,R,-33,-0.530115840226955,13054
SL,R,-33,-1.99765667289516,20362
CU,R,-33,-1.4061286336105,11619
FF,R,-33,1.17547752127631,52611
CH,R,-33,4.64062874598769,16724
FS,R,-33,3.50752349557105,6921
ST,R,-33,-3.03840598586989,12577
CU,L,-33,16.2177712193814,4418
SI,L,-33,2.14683761193538,11579
ST,L,-33,4.85372546639566,4904
FF,L,-33,3.70847254027455,21223
CH,L,-33,3.41519726507731,9928
SL,L,-33,13.6149392818182,8724
FC,L,-33,8.37749882522925,4405
FS,L,-33,7.19170301919031,781
SI,R,-34,3.08996792899063,25818
FC,R,-34,-0.520010672018942,13054
SL,R,-34,-2.00530839545238,20362
CU,R,-34,-1.42697360111326,11619
FF,R,-34,1.2327426519126,52611
CH,R,-34,4.89850917254284,16724
FS,R,-34,3.68357431493809,6921
ST,R,-34,-3.13366017419474,12577
CU,L,-34,16.85957089017,4418
SI,L,-34,2.34852499137353,11579
ST,L,-34,4.91227080596491,4904
FF,L,-34,3.99695156431164,21223
CH,L,-34,3.66010416440185,9928
SL,L,-34,14.0720685439089,8724
FC,L,-34,8.57981131829693,4405
FS,L,-34,7.54095222459411,781
SI,R,-35,3.23496616256125,25818
FC,R,-35,-0.511132941310484,13054
SL,R,-35,-2.0123386816153,20362
CU,R,-35,-1.45314957426181,11619
FF,R,-35,1.2757422269145,52611
CH,R,-35,5.13300852369616,16724
FS,R,-35,3.84611255486918,6921
ST,R,-35,-3.22749630118637,12577
CU,L,-35,17.5018915980601,4418
SI,L,-35,2.55479173097851,11579
ST,L,-35,4.95130399796668,4904
FF,L,-35,4.30401848880351,21223
CH,L,-35,3.91532125913046,9928
SL,L,-35,14.4961552189776,8724
FC,L,-35,8.78378184802748,4405
FS,L,-35,7.83797690529628,781
SI,R,-36,3.39913361922104,25818
FC,R,-36,-0.499969385764841,13054
SL,R,-36,-2.01231552916223,20362
CU,R,-36,-1.4716640654495,11619
FF,R,-36,1.33365695794936,52611
CH,R,-36,5.40020579627376,16724
FS,R,-36,4.0384673971597,6921
ST,R,-36,-3.32619284024871,12577
CU,L,-36,17.9641881331167,4418
SI,L,-36,2.79704485661277,11579
ST,L,-36,4.99913559547075,4904
FF,L,-36,4.61021361094292,21223
CH,L,-36,4.17002219991446,9928
SL,L,-36,14.8529882133919,8724
FC,L,-36,8.97795425682709,4405
FS,L,-36,8.1525742975036,781
